{
  "title": "DBS Memory Injection Log",
  "description": "Chronological log of memory file injections.",
  "entries": [
    {
      "filename": "valatie_scroll.txt",
      "type": "scroll",
      "source": "admin",
      "timestamp": "2025-06-12T20:06:56.964990",
      "notes": "First bridge prophecy log"
    },
    {
      "filename": "user_1289.json",
      "type": "profile",
      "source": "frontend-init",
      "timestamp": "2025-06-12T20:06:56.964990",
      "notes": "Auto-generated from initiation form"
    }
  ],
  "little_bastards_ideas": [
    "Allow members to inject a \u2018memory whisper\u2019 \u2013 short scroll of chaos",
    "Mark memories with emoji tags based on tone (\ud83d\udd25, \ud83d\udca8, \ud83d\udc80)"
  ]
}