{
  "system_status": "stable",
  "warnings": [],
  "fatal_errors": [],
  "unused_files_detected": false,
  "performance_checks": "php lint pass; build snapshot generated",
  "REST_endpoint_summary": {
    "chat": "POST /wp-json/lucidus/v1/chat",
    "memory_get": "GET /wp-json/lucidus/v1/memory",
    "memory_delete": "DELETE /wp-json/lucidus/v1/memory",
    "member_locations": "GET /wp-json/dbs-members/v1/locations"
  },
  "next_feature_recommendations": [
    "Add mood engine and map integrations",
    "Implement voice features",
    "Expand module library"
  ],
  "test_flow": "failed: no wp-load.php"
}
